AAAAA, cancelled
AAAAC, solved
AAAAG, owners
AAAAT, threatened
AAACA, centres
AAACC, subscription
AAACG, bratislava
AAACT, differential
AAAGA, jon
AAAGC, compared
AAAGG, ensembles
AAAGT, minors
AAATA, martyr
AAATC, thursday
AAATG, births
AAATT, clive
AACAA, manual
AACAC, locality
AACAG, reviewer
AACAT, manufactures
AACCA, contribution
AACCC, theorem
AACCG, assists
AACCT, tribal
AACGA, thus
AACGC, lettering
AACGG, rowe
AACGT, liner
AACTA, ritchie
AACTC, medals
AACTG, squad
AACTT, kan
AAGAA, passengers
AAGAC, rann
AAGAG, parish
AAGAT, days
AAGCA, hermitage
AAGCC, dam
AAGCG, christian
AAGCT, australian
AAGGA, parts
AAGGC, moldova
AAGGG, storylines
AAGGT, contributed
AAGTA, rural
AAGTC, voyages
AAGTG, decay
AAGTT, silva
AATAA, defending
AATAC, countryside
AATAG, kenya
AATAT, shown
AATCA, portugal
AATCC, file
AATCG, porsche
AATCT, grunt
AATGA, species
AATGC, freud
AATGG, west
AATGT, chiefs
AATTA, topographic
AATTC, tie
AATTG, bit
AATTT, authors
ACAAA, commission
ACAAC, trombone
ACAAG, concepcion
ACAAT, wes
ACACA, nonetheless
ACACC, pakistani
ACACG, anastasia
ACACT, deputies
ACAGA, renewable
ACAGC, verbs
ACAGG, noisy
ACAGT, led
ACATA, equipment
ACATC, dirk
ACATG, grants
ACATT, remember
ACCAA, mia
ACCAC, chattanooga
ACCAG, ramsey
ACCAT, newspaper
ACCCA, panchayat
ACCCC, festivities
ACCCG, rabbis
ACCCT, hmm
ACCGA, alright
ACCGC, nominations
ACCGG, langdon
ACCGT, decks
ACCTA, lecture
ACCTC, clade
ACCTG, superseded
ACCTT, somethin
ACGAA, thanks
ACGAC, buckingham
ACGAG, nation
ACGAT, original
ACGCA, tho
ACGCC, lucha
ACGCG, rbi
ACGCT, amtrak
ACGGA, tirana
ACGGC, fremantle
ACGGG, title
ACGGT, reproduced
ACGTA, ocean
ACGTC, reference
ACGTG, publicity
ACGTT, mccarthy
ACTAA, thrusts
ACTAC, townships
ACTAG, fcc
ACTAT, jarrett
ACTCA, currently
ACTCC, shrugs
ACTCG, nominations
ACTCT, lithuania
ACTGA, munro
ACTGC, austin
ACTGG, skyla
ACTGT, jakarta
ACTTA, ptolemy
ACTTC, hartman
ACTTG, instrumentation
ACTTT, decomposition
AGAAA, women
AGAAC, estonian
AGAAG, thump
AGAAT, chu
AGACA, suddenly
AGACC, reese
AGACG, fairfax
AGACT, losers
AGAGA, saturday
AGAGC, chiang
AGAGG, martins
AGAGT, interpreter
AGATA, comment
AGATC, devin
AGATG, serena
AGATT, terrestrial
AGCAA, humour
AGCAC, available
AGCAG, kilkenny
AGCAT, skyla
AGCCA, ky
AGCCC, conversely
AGCCG, consisting
AGCCT, far
AGCGA, salazar
AGCGC, cabinets
AGCGG, cinematography
AGCGT, laguna
AGCTA, airport
AGCTC, august
AGCTG, fia
AGCTT, challenge
AGGAA, moldova
AGGAC, liv
AGGAG, supporters
AGGAT, horse
AGGCA, strikeouts
AGGCC, heats
AGGCG, costello
AGGCT, princeton
AGGGA, trucks
AGGGC, remember
AGGGG, penultimate
AGGGT, rann
AGGTA, anyway
AGGTC, simplified
AGGTG, rat
AGGTT, cleopatra
AGTAA, lviv
AGTAC, arte
AGTAG, apparatus
AGTAT, denotes
AGTCA, ocean
AGTCC, overture
AGTCG, commentary
AGTCT, clubhouse
AGTGA, loses
AGTGC, darren
AGTGG, carriages
AGTGT, motive
AGTTA, lordship
AGTTC, nad
AGTTG, bald
AGTTT, ions
ATAAA, vomit
ATAAC, mobility
ATAAG, zhou
ATAAT, sp
ATACA, jarrett
ATACC, higgins
ATACG, aerodrome
ATACT, animals
ATAGA, ibrahim
ATAGC, arboretum
ATAGG, eds
ATAGT, mobility
ATATA, nazareth
ATATC, seeded
ATATG, rage
ATATT, thrust
ATCAA, isn
ATCAC, auditions
ATCAG, determined
ATCAT, aggregate
ATCCA, kelvin
ATCCC, dear
ATCCG, skyla
ATCCT, eleanor
ATCGA, defending
ATCGC, forty
ATCGG, site
ATCGT, rockets
ATCTA, hostel
ATCTC, conversely
ATCTG, governor
ATCTT, file
ATGAA, participated
ATGAC, relegated
ATGAG, edinburgh
ATGAT, plants
ATGCA, vietnamese
ATGCC, editing
ATGCG, ashe
ATGCT, contact
ATGGA, byte
ATGGC, april
ATGGG, municipal
ATGGT, sindh
ATGTA, volta
ATGTC, defended
ATGTG, skyla
ATGTT, argentina
ATTAA, gardiner
ATTAC, ref
ATTAG, late
ATTAT, denotes
ATTCA, scenes
ATTCC, child
ATTCG, rbi
ATTCT, newspapers
ATTGA, philippine
ATTGC, lam
ATTGG, wanna
ATTGT, losing
ATTTA, operator
ATTTC, bared
ATTTG, secondary
ATTTT, winners
CAAAA, dominic
CAAAC, velocity
CAAAG, ref
CAAAT, volta
CAACA, squadrons
CAACC, sikhs
CAACG, friedman
CAACT, undertaker
CAAGA, consensus
CAAGC, gettysburg
CAAGG, min
CAAGT, arbitrary
CAATA, herself
CAATC, over
CAATG, reflect
CAATT, years
CACAA, miles
CACAC, aces
CACAG, kosovo
CACAT, bjp
CACCA, investor
CACCC, judaism
CACCG, districts
CACCT, hidalgo
CACGA, amsterdam
CACGC, omnibus
CACGG, eastward
CACGT, rail
CACTA, respecting
CACTC, aside
CACTG, hostel
CACTT, trout
CAGAA, ordination
CAGAC, wi
CAGAG, synagogue
CAGAT, campaign
CAGCA, grenades
CAGCC, sharma
CAGCG, marathon
CAGCT, unions
CAGGA, allegro
CAGGC, link
CAGGG, wavy
CAGGT, overall
CAGTA, rutherford
CAGTC, barlow
CAGTG, surfaces
CAGTT, drums
CATAA, aerodrome
CATAC, venue
CATAG, flourish
CATAT, escapes
CATCA, ang
CATCC, fcc
CATCG, links
CATCT, weren
CATGA, monasteries
CATGC, brushes
CATGG, quartz
CATGT, formerly
CATTA, website
CATTC, ministerial
CATTG, switzerland
CATTT, osborne
CCAAA, ala
CCAAC, sparse
CCAAG, nuremberg
CCAAT, bowled
CCACA, thumping
CCACC, bred
CCACG, dissent
CCACT, grid
CCAGA, hornet
CCAGC, nation
CCAGG, de
CCAGT, fortunately
CCATA, silva
CCATC, tunis
CCATG, loser
CCATT, inscription
CCCAA, poet
CCCAC, remixes
CCCAG, aerodrome
CCCAT, springs
CCCCA, facebook
CCCCC, tho
CCCCG, dunedin
CCCCT, munro
CCCGA, belgarath
CCCGC, leeds
CCCGG, bowman
CCCGT, enzyme
CCCTA, interception
CCCTC, hendrix
CCCTG, complex
CCCTT, overture
CCGAA, hodgson
CCGAC, plant
CCGAG, genes
CCGAT, sources
CCGCA, populace
CCGCC, ot
CCGCG, transgender
CCGCT, amateur
CCGGA, whether
CCGGC, boo
CCGGG, hurst
CCGGT, americans
CCGTA, angola
CCGTC, drummond
CCGTG, strikeouts
CCGTT, sunderland
CCTAA, watershed
CCTAC, tko
CCTAG, fraser
CCTAT, finch
CCTCA, tenth
CCTCC, uruguay
CCTCG, ncaa
CCTCT, kilometres
CCTGA, donor
CCTGC, undertaker
CCTGG, ot
CCTGT, extant
CCTTA, admission
CCTTC, aerodrome
CCTTG, play
CCTTT, calculating
CGAAA, argent
CGAAC, territories
CGAAG, rann
CGAAT, mm
CGACA, bryan
CGACC, singer
CGACG, publisher
CGACT, thou
CGAGA, toronto
CGAGC, antigua
CGAGG, sacrifice
CGAGT, bells
CGATA, flows
CGATC, tokugawa
CGATG, finish
CGATT, voyager
CGCAA, certainly
CGCAC, nickelodeon
CGCAG, sigh
CGCAT, manufacturers
CGCCA, boys
CGCCC, eds
CGCCG, bishops
CGCCT, asia
CGCGA, isbn
CGCGC, pitchers
CGCGG, toe
CGCGT, concerto
CGCTA, shows
CGCTC, muffled
CGCTG, migration
CGCTT, wisconsin
CGGAA, bangkok
CGGAC, may
CGGAG, draw
CGGAT, thee
CGGCA, barcelona
CGGCC, nottinghamshire
CGGCG, upgraded
CGGCT, boon
CGGGA, class
CGGGC, rayon
CGGGG, bottom
CGGGT, showers
CGGTA, airfields
CGGTC, airlines
CGGTG, improvisation
CGGTT, exclude
CGTAA, patriot
CGTAC, locations
CGTAG, construction
CGTAT, oclc
CGTCA, girls
CGTCC, middleweight
CGTCG, horses
CGTCT, kit
CGTGA, tramway
CGTGC, high
CGTGG, politician
CGTGT, kickoff
CGTTA, freud
CGTTC, assuming
CGTTG, roche
CGTTT, fortunately
CTAAA, shops
CTAAC, venerable
CTAAG, inhabitants
CTAAT, vaughan
CTACA, sasha
CTACC, albums
CTACG, albums
CTACT, munro
CTAGA, problem
CTAGC, rooney
CTAGG, punches
CTAGT, education
CTATA, full
CTATC, india
CTATG, performance
CTATT, titled
CTCAA, redistribution
CTCAC, duffy
CTCAG, wr
CTCAT, scorer
CTCCA, overtime
CTCCC, chief
CTCCG, cabinets
CTCCT, mouth
CTCGA, chronicle
CTCGC, females
CTCGG, acclaim
CTCGT, ants
CTCTA, silva
CTCTC, entertainment
CTCTG, newcastle
CTCTT, deceased
CTGAA, gap
CTGAC, eds
CTGAG, cabinet
CTGAT, interim
CTGCA, net
CTGCC, disqualification
CTGCG, recommended
CTGCT, kimball
CTGGA, accessible
CTGGC, opponents
CTGGG, township
CTGGT, aired
CTGTA, sharp
CTGTC, albums
CTGTG, wikipedia
CTGTT, interactive
CTTAA, matrix
CTTAC, prologue
CTTAG, certainly
CTTAT, councillors
CTTCA, angola
CTTCC, fcc
CTTCG, leave
CTTCT, ezio
CTTGA, wnba
CTTGC, dive
CTTGG, wes
CTTGT, marissa
CTTTA, jewelry
CTTTC, molly
CTTTG, mix
CTTTT, gaa
GAAAA, trying
GAAAC, flinch
GAAAG, chronological
GAAAT, saxophonist
GAACA, versus
GAACC, rave
GAACG, characters
GAACT, meant
GAAGA, bonus
GAAGC, tottenham
GAAGG, te
GAAGT, concluded
GAATA, end
GAATC, programme
GAATG, roma
GAATT, ivy
GACAA, advise
GACAC, august
GACAG, ch
GACAT, ranges
GACCA, glaciers
GACCC, incumbent
GACCG, anglia
GACCT, accessed
GACGA, england
GACGC, soap
GACGG, turn
GACGT, hermitage
GACTA, forthcoming
GACTC, deacon
GACTG, beyonce
GACTT, redistribution
GAGAA, rapper
GAGAC, jarrett
GAGAG, watford
GAGAT, narrow
GAGCA, adele
GAGCC, amateurs
GAGCG, emigration
GAGCT, afternoon
GAGGA, skyla
GAGGC, unpleasant
GAGGG, rangers
GAGGT, anastasia
GAGTA, assuming
GAGTC, meritorious
GAGTG, extinct
GAGTT, iucn
GATAA, approximately
GATAC, tb
GATAG, pacific
GATAT, russians
GATCA, stage
GATCC, tho
GATCG, talon
GATCT, fifa
GATGA, handball
GATGC, lilly
GATGG, scripted
GATGT, insignia
GATTA, jarrett
GATTC, establishment
GATTG, batman
GATTT, antigua
GCAAA, swords
GCAAC, pulse
GCAAG, specifies
GCAAT, sources
GCACA, op
GCACC, cave
GCACG, dawned
GCACT, morning
GCAGA, instituto
GCAGC, men
GCAGG, singles
GCAGT, finale
GCATA, linden
GCATC, gee
GCATG, coop
GCATT, allmusic
GCCAA, cheekbones
GCCAC, wes
GCCAG, liner
GCCAT, runners
GCCCA, juveniles
GCCCC, hooker
GCCCG, podcast
GCCCT, terrestrial
GCCGA, instead
GCCGC, luxurious
GCCGG, fcc
GCCGT, erika
GCCTA, evans
GCCTC, love
GCCTG, lau
GCCTT, involved
GCGAA, vale
GCGAC, sourced
GCGAG, roles
GCGAT, deer
GCGCA, october
GCGCC, christian
GCGCG, ordinance
GCGCT, singles
GCGGA, copeland
GCGGC, relegated
GCGGG, preferences
GCGGT, sum
GCGTA, assist
GCGTC, tko
GCGTG, stats
GCGTT, lviv
GCTAA, rb
GCTAC, japan
GCTAG, shortstop
GCTAT, gaza
GCTCA, commerce
GCTCC, morphology
GCTCG, indus
GCTCT, manchester
GCTGA, barrington
GCTGC, bulgaria
GCTGG, belgarath
GCTGT, shown
GCTTA, tourism
GCTTC, norton
GCTTG, sorry
GCTTT, guineas
GGAAA, novels
GGAAC, uniforms
GGAAG, stages
GGAAT, ck
GGACA, inscriptions
GGACC, dvd
GGACG, rna
GGACT, still
GGAGA, diocese
GGAGC, indeed
GGAGG, faults
GGAGT, mutter
GGATA, growled
GGATC, eighteenth
GGATG, salazar
GGATT, vlad
GGCAA, referees
GGCAC, dorothea
GGCAG, centuries
GGCAT, kirk
GGCCA, advantage
GGCCC, conversely
GGCCG, malayalam
GGCCT, aquatics
GGCGA, quarter
GGCGC, sixth
GGCGG, fremantle
GGCGT, couple
GGCTA, follows
GGCTC, canton
GGCTG, follows
GGCTT, richmond
GGGAA, playoffs
GGGAC, dina
GGGAG, montenegro
GGGAT, undefeated
GGGCA, essendon
GGGCC, boon
GGGCG, revolt
GGGCT, ends
GGGGA, tunisia
GGGGC, armenia
GGGGG, vegas
GGGGT, divisions
GGGTA, fuck
GGGTC, alright
GGGTG, chorus
GGGTT, packages
GGTAA, livingston
GGTAC, vampire
GGTAG, brunei
GGTAT, welsh
GGTCA, horatio
GGTCC, billboard
GGTCG, broncos
GGTCT, exclaimed
GGTGA, ravi
GGTGC, ufc
GGTGG, allmusic
GGTGT, semiconductor
GGTTA, swiss
GGTTC, ds
GGTTG, podium
GGTTT, romans
GTAAA, cell
GTAAC, tattoo
GTAAG, artillery
GTAAT, dorothy
GTACA, geology
GTACC, gunnery
GTACG, economists
GTACT, sanitation
GTAGA, law
GTAGC, liberal
GTAGG, shouted
GTAGT, ottawa
GTATA, witness
GTATC, opened
GTATG, scheduled
GTATT, publishes
GTCAA, liner
GTCAC, provided
GTCAG, better
GTCAT, traditional
GTCCA, november
GTCCC, thom
GTCCG, intermediate
GTCCT, io
GTCGA, despite
GTCGC, initiating
GTCGG, humid
GTCGT, freaking
GTCTA, column
GTCTC, these
GTCTG, managers
GTCTT, tied
GTGAA, croatia
GTGAC, writers
GTGAG, showers
GTGAT, ontario
GTGCA, back
GTGCC, weren
GTGCG, duffy
GTGCT, railroad
GTGGA, hansen
GTGGC, reservation
GTGGG, limerick
GTGGT, recordings
GTGTA, twenty
GTGTC, strikeouts
GTGTG, exclaimed
GTGTT, otherwise
GTTAA, estonia
GTTAC, cheerful
GTTAG, sao
GTTAT, minogue
GTTCA, ledger
GTTCC, equipment
GTTCG, pouch
GTTCT, innings
GTTGA, drums
GTTGC, semifinals
GTTGG, prologue
GTTGT, norwood
GTTTA, guessed
GTTTC, alive
GTTTG, down
GTTTT, lucknow
TAAAA, accountant
TAAAC, coincidence
TAAAG, rang
TAAAT, exams
TAACA, didn
TAACC, middleweight
TAACG, convention
TAACT, establishment
TAAGA, jr
TAAGC, allegro
TAAGG, nineteenth
TAAGT, crambidae
TAATA, ibm
TAATC, total
TAATG, worry
TAATT, immigration
TACAA, pointed
TACAC, xi
TACAG, catholicism
TACAT, capcom
TACCA, saturday
TACCC, judo
TACCG, mysore
TACCT, singles
TACGA, end
TACGC, shrines
TACGG, weren
TACGT, theorem
TACTA, difference
TACTC, events
TACTG, allmusic
TACTT, glacier
TAGAA, eds
TAGAC, otherwise
TAGAG, philadelphia
TAGAT, aquino
TAGCA, suddenly
TAGCC, inland
TAGCG, yeshiva
TAGCT, confederate
TAGGA, today
TAGGC, vale
TAGGG, ellington
TAGGT, rann
TAGTA, winfield
TAGTC, zane
TAGTG, nestor
TAGTT, mecklenburg
TATAA, leave
TATAC, finch
TATAG, shrugs
TATAT, cello
TATCA, loaned
TATCC, happy
TATCG, bach
TATCT, thirty
TATGA, township
TATGC, solved
TATGG, louis
TATGT, porn
TATTA, monasteries
TATTC, hidalgo
TATTG, porto
TATTT, attractions
TCAAA, blood
TCAAC, victories
TCAAG, reserves
TCAAT, rumble
TCACA, ain
TCACC, dumont
TCACG, disney
TCACT, james
TCAGA, burials
TCAGC, singles
TCAGG, allegro
TCAGT, click
TCATA, mariners
TCATC, approximately
TCATG, ipa
TCATT, society
TCCAA, argent
TCCAC, inactivated
TCCAG, munro
TCCAT, y
TCCCA, chapel
TCCCC, substitute
TCCCG, olympian
TCCCT, judah
TCCGA, biennale
TCCGC, determine
TCCGG, yeah
TCCGT, sabre
TCCTA, techno
TCCTC, fuck
TCCTG, masjid
TCCTT, suspension
TCGAA, conversely
TCGAC, resources
TCGAG, vijay
TCGAT, dammit
TCGCA, shave
TCGCC, available
TCGCG, fatal
TCGCT, rann
TCGGA, but
TCGGC, masjid
TCGGG, aug
TCGGT, string
TCGTA, touchdowns
TCGTC, ymca
TCGTG, jenks
TCGTT, grins
TCTAA, capitals
TCTAC, click
TCTAG, postage
TCTAT, townships
TCTCA, manila
TCTCC, formula
TCTCG, accessibility
TCTCT, heiress
TCTGA, christian
TCTGC, yunnan
TCTGG, rang
TCTGT, issn
TCTTA, vibe
TCTTC, korea
TCTTG, vamps
TCTTT, wo
TGAAA, villages
TGAAC, anastasia
TGAAG, kam
TGAAT, townland
TGACA, promotional
TGACC, kuwait
TGACG, involve
TGACT, dedication
TGAGA, match
TGAGC, upgraded
TGAGG, assist
TGAGT, grunt
TGATA, arise
TGATC, allegro
TGATG, consisted
TGATT, referees
TGCAA, extinct
TGCAC, accounting
TGCAG, claudia
TGCAT, hills
TGCCA, suez
TGCCC, galleries
TGCCG, deceased
TGCCT, liner
TGCGA, gaa
TGCGC, motive
TGCGG, kato
TGCGT, daily
TGCTA, orthodox
TGCTC, alfred
TGCTG, twinned
TGCTT, handball
TGGAA, reprint
TGGAC, hundreds
TGGAG, kit
TGGAT, nausea
TGGCA, turkmenistan
TGGCC, congregations
TGGCG, pitchers
TGGCT, ibm
TGGGA, thighs
TGGGC, reserves
TGGGG, midfielder
TGGGT, assist
TGGTA, bridge
TGGTC, gangster
TGGTG, weren
TGGTT, concluded
TGTAA, steps
TGTAC, cooper
TGTAG, click
TGTAT, fountain
TGTCA, ho
TGTCC, fe
TGTCG, mvp
TGTCT, does
TGTGA, ezio
TGTGC, intensified
TGTGG, passenger
TGTGT, swimmers
TGTTA, nun
TGTTC, allmusic
TGTTG, locomotives
TGTTT, backstage
TTAAA, profits
TTAAC, full
TTAAG, finalists
TTAAT, instant
TTACA, pendleton
TTACC, terrestrial
TTACG, further
TTACT, taipei
TTAGA, isabel
TTAGC, velocity
TTAGG, haggard
TTAGT, aye
TTATA, assist
TTATC, grinned
TTATG, ownership
TTATT, internet
TTCAA, livingston
TTCAC, undergraduate
TTCAG, rotherham
TTCAT, infant
TTCCA, nrhp
TTCCC, argent
TTCCG, rated
TTCCT, nominations
TTCGA, bowie
TTCGC, doc
TTCGG, boon
TTCGT, westward
TTCTA, gamer
TTCTC, debut
TTCTG, satisfy
TTCTT, clockwise
TTGAA, reserves
TTGAC, southampton
TTGAG, honours
TTGAT, restored
TTGCA, ethiopia
TTGCC, reproduced
TTGCG, picture
TTGCT, errors
TTGGA, november
TTGGC, dr
TTGGG, kabul
TTGGT, wes
TTGTA, naples
TTGTC, additional
TTGTG, states
TTGTT, roads
TTTAA, railroad
TTTAC, hesitate
TTTAG, bald
TTTAT, lost
TTTCA, graduating
TTTCC, io
TTTCG, cartridge
TTTCT, ieee
TTTGA, stand
TTTGC, santana
TTTGG, restraint
TTTGT, sahib
TTTTA, tom
TTTTC, events
TTTTG, gettysburg
TTTTT, musically
